profit_06Y,code,profit_14Y,profit_12Y,profit_10Y,asset_13Y,asset_08Y,profit_09Y,asset_07Y,asset_15Y,asset_11Y,profit_11Y,profit_15Y,profit_13Y,asset_09Y,profit_07Y,asset_12Y,profit_08Y,asset_14Y,asset_06Y,Year_Month,asset_10Y
"16,427",000030,"12,080","14,486","11,086","2,499,848","2,324,910","9,546","1,988,247","2,918,591","2,424,722","20,694","10,754","4,663","2,267,886","17,781","2,472,484","2,347","2,701,572","1,664,053",2006.12,"2,282,065"
"1,159",000080,213,"1,035",610,"35,531","13,192","1,233","13,102","34,605","35,733",702,534,791,"14,518","1,507","35,187","1,548","34,224","14,691",2006.12,"14,183"
670,000100,909,808,"1,280","15,140","10,389","1,217","9,972","18,803","13,141",942,"1,260",865,"11,348",921,"14,031","1,256","16,160","9,414",2006.12,"12,555"
"1,667",000240,"1,838","32,772","4,775","23,532","53,748","3,757","41,293","26,669","74,364","3,552","1,727","1,602","50,029","1,597","9,743",235,"25,064","32,926",2006.12,"57,582"
25,000250,173,13,48,"1,554",857,53,842,"1,843",985,57,179,76,920,60,"1,221",61,"1,725",801,2006.12,937
166,000320,371,189,112,"8,524","6,201",86,"5,338","9,865","7,871",169,882,360,"6,070",112,"8,359",25,"8,999","5,071",2006.12,"6,174"
71,000390,355,160,79,"4,756","2,666",161,"2,440","5,119","4,022",130,248,292,"3,592",47,"4,247",106,"5,051","2,267",2006.12,"3,871"
99,000430,184,488,397,"11,682","6,766",69,"4,058","11,575","9,556",424,263,378,"7,209",110,"9,887",96,"11,484","4,165",2006.12,"7,569"
230,000480,487,345,401,"11,332","8,708",312,"9,082","9,037","11,537",379,171,438,"10,330",230,"11,673",87,"11,109","7,197",2006.12,"9,960"
65,000590,144,65,57,"2,339",962,74,820,"2,849","1,888",118,296,130,"1,449",41,"1,913",120,"2,604",793,2006.12,"1,838"
23,000650,48,18,23,603,408,29,382,631,547,27,46,59,437,29,572,28,623,361,2006.12,455
"1,041",000670,"1,006","2,774","2,203","39,394","18,554","1,603","18,370","39,879","26,223","2,320",899,"2,344","20,487","1,516","28,965","1,436","38,954","18,310",2006.12,"24,347"
"3,987",000720,"5,867","5,670","5,426","147,332","86,252","4,768","69,414","194,585","118,719","6,851","5,840","5,696","86,804","2,983","127,468","3,674","184,397","59,065",2006.12,"97,724"
142,000850,213,154,236,"3,161","2,738",104,"2,240","3,407","3,127",270,160,150,"2,563",178,"3,069",229,"3,304","2,172",2006.12,"3,497"
143,000860,417,306,248,"4,731","3,347",273,"3,283","5,421","3,951",249,435,424,"3,617",145,"4,286",83,"5,065","3,118",2006.12,"3,943"
"1,150",001040,"5,086","5,703","7,696","221,237","97,549","5,293","87,630","235,621","196,561","7,361","5,511","3,226","106,890","1,071","213,850","3,465","230,393","72,003",2006.12,"128,709"
15,001420,8,14,10,424,359,3,390,437,477,23,7,20,376,12,451,-0,424,381,2006.12,424
117,001460,191,247,220,"5,252","3,577",193,"3,418","6,915","4,779",270,132,155,"3,626",92,"5,055",50,"6,084","3,112",2006.12,"4,104"
43,001560,65,72,84,901,562,69,622,974,925,74,26,67,790,83,979,22,966,567,2006.12,830
219,001630,133,374,479,"2,775","4,506",288,"4,120","5,010","6,755",565,306,"4,236","4,602",176,"7,080",218,"3,027","3,966",2006.12,"5,538"
553,001720,499,588,900,"47,906","31,637",522,"29,805","67,142","41,378",592,765,529,"37,386",488,"47,594",825,"48,435","19,181",2006.03,"38,286"
12,001840,15,10,9,587,458,8,342,620,468,9,15,8,463,4,618,8,710,329,2006.12,513
78,002030,623,709,72,"16,407","11,857",388,"11,604","15,926","15,836",203,82,552,"11,724",483,"15,818",129,"16,341","10,382",2006.12,"12,049"
123,002100,71,103,93,"2,560","2,009",168,"1,776","3,163","1,738",5,70,140,"1,976",150,"2,694",116,"2,846","2,270",2006.12,"2,004"
42,002230,44,78,66,"1,339",609,39,610,"1,375",908,72,93,246,659,51,"1,004",28,"1,172",536,2006.12,846
201,002240,"2,984",438,989,"18,240","14,068",910,"9,947","24,273","18,233","1,073",174,367,"14,167",418,"18,140","1,286","25,244","9,412",2006.12,"15,488"
185,002270,599,614,495,"11,286","5,887",456,"5,202","12,876","8,569",481,503,"1,139","6,872",219,"8,979",268,"11,932","4,699",2006.12,"8,108"
41,002290,16,30,21,531,453,39,411,625,517,20,32,14,486,17,550,16,617,456,2006.12,485
"2,500",002380,"3,267","4,463","3,740","70,517","62,723","4,055","76,888","86,684","73,423","3,270","1,851","2,490","81,509","2,466","68,240","2,230","86,545","43,940",2006.12,"96,433"
32,002450,106,76,36,"3,448","2,635",75,"2,110","4,056","3,518",18,42,461,"2,720",47,"3,230",16,"3,788","1,999",2006.12,"3,030"
108,002620,21,112,255,"3,961","2,673",280,"2,545","4,452","3,841",270,98,5,"2,900",137,"3,908",175,"4,096","2,345",2006.12,"3,449"
"1,269",002790,"4,974","3,457","2,881","49,219","27,389","2,381","25,720","61,480","42,549","3,761","6,739","3,550","29,836","1,756","45,160","1,864","54,997","24,294",2006.12,"33,103"
85,002810,215,220,197,"2,744","1,773",133,"1,707","3,029","2,403",155,190,201,"1,937",105,"2,502",77,"2,963","1,563",2006.12,"2,188"
144,002920,203,268,157,"3,537","2,234",14,"2,222","3,738","3,307",190,166,237,"2,330",132,"3,290",70,"3,777","2,062",2006.12,"2,801"
85,002960,269,312,271,"1,228",741,313,718,"1,265","1,191",261,312,296,977,151,"1,167",121,"1,151",565,2006.12,"1,150"
264,003030,765,996,920,"19,956","14,849",123,"9,582","20,739","19,326",988,458,"1,166","10,906",208,"20,304","1,231","22,850","9,218",2006.12,"12,899"
42,003080,46,30,1,"1,020",976,36,956,"1,076","1,006",18,33,35,999,34,"1,016",43,"1,064",916,2006.12,947
385,003120,40,365,63,"3,727","2,879",80,"4,941","3,670","4,132",351,989,80,"3,673",177,"3,836",342,"3,784","2,734",2006.12,"4,694"
93,003200,247,123,613,"7,762","5,275",344,"4,955","8,895","7,535",278,202,328,"5,667",74,"7,373",248,"8,183","4,869",2006.12,"6,459"
56,003220,156,98,118,"1,601",831,98,748,"1,947","1,404",93,173,122,"1,096",78,"1,471",77,"1,806",645,2006.12,"1,289"
"9,335",003550,"8,343","9,543","16,016","165,502","647,821","52,257","540,802","181,234","151,607","10,298","9,438","8,309","688,389","36,321","160,477","29,668","173,327","501,192",2006.12,"137,789"
333,003570,26,437,541,"9,357","7,973",418,"9,437","9,217","11,823",566,326,226,"9,108",581,"11,566",321,"9,144","8,464",2006.12,"8,994"
59,003650,160,247,217,"2,069","1,278",253,922,"2,517","1,941",209,251,174,"1,653",107,"2,031",215,"2,157",757,2006.12,"1,823"
143,003670,733,754,561,"6,304","2,334",331,"1,743","7,175","4,925",914,322,580,"2,575",169,"5,404",252,"7,216","1,555",2006.12,"3,559"
7,003780,30,30,39,388,201,31,"1,006",431,312,42,53,29,217,45,318,32,394,"1,012",2006.12,234
133,003800,238,330,305,"3,329","1,908",230,"1,703","3,823","2,882",381,305,289,"2,155",154,"3,117",174,"3,517","1,583",2006.12,"2,455"
22,003850,216,94,136,"2,676","1,662",52,"1,621","3,309","2,624",62,203,141,"1,768",84,"2,730",52,"2,824","1,586",2006.12,"2,131"
322,004000,587,733,852,"19,001","9,440",867,"8,475","16,842","14,005",734,900,33,"10,251",401,"16,079",853,"18,460","8,252",2006.12,"12,712"
"4,929",004020,"7,823","7,964","10,322","295,203","122,047","11,699","92,843","319,364","217,767","7,471","7,392","7,094","160,523","5,320","229,514","7,893","289,338","74,236",2006.12,"187,408"
61,004080,67,10,47,"1,293","1,452",16,"1,366","1,370","1,420",29,29,13,"1,407",42,"1,410",17,"1,234","1,353",2006.12,"1,300"
15,004090,67,38,42,"2,300",963,43,795,"2,402","2,363",33,145,77,954,28,"2,159",28,"2,310",857,2006.12,"1,105"
19,004100,67,16,44,"3,645","2,479",25,"1,803","3,701","3,384",8,40,15,"2,547",33,"4,046",21,"3,644","1,625",2006.12,"2,707"
"4,955",004170,"1,861","1,937","11,059","75,000","107,958","5,826","89,335","79,182","41,447","35,221","4,332","1,947","111,536","5,208","69,685","5,629","79,314","80,748",2006.12,"144,521"
46,004250,264,188,261,"3,052","1,368",51,"1,173","3,440","2,389",134,248,260,"3,825",49,"2,552",63,"3,057","1,094",2006.12,"4,160"
337,004360,389,541,"1,057","9,007","9,138",954,"8,331","9,184","9,086",548,434,294,"10,095",333,"9,032",942,"8,908","7,669",2006.12,"10,961"
54,004450,79,76,66,"1,350","1,624",113,"1,065","1,516","1,227",77,97,74,"1,064",80,"1,260",68,"1,421","1,068",2006.12,"1,127"
119,004490,614,979,792,"8,702","3,589",703,"3,168","10,014","7,126","1,054",786,700,"4,290",188,"7,726",754,"9,277","2,630",2006.12,"5,111"
12,004590,52,34,2,828,355,203,313,925,813,19,60,27,596,9,858,0,872,320,2006.12,668
531,004690,116,357,689,"27,477","12,749","1,209","10,926","35,435","24,458",306,372,403,"15,307",570,"27,753",500,"36,598","12,367",2006.12,"15,389"
97,004700,79,61,158,"1,930","1,079",143,"1,361","1,969","1,767",95,75,110,"1,405",48,"1,790",32,"2,037","1,234",2006.12,"1,654"
11,004830,8,20,24,"1,030",732,35,743,973,898,3,5,44,827,4,999,5,979,697,2006.12,902
102,004890,112,289,490,"3,601","2,655",254,"2,060","3,475","3,718",381,42,93,"2,730",225,"3,619",550,"3,569","2,082",2006.12,"3,391"
57,004910,168,128,134,"2,264","1,140",150,"1,023","2,408","2,018",60,193,117,"1,278",44,"2,176",39,"2,416",976,2006.12,"1,436"
68,004970,159,695,429,"5,019","3,580",312,"3,452","5,101","4,351",295,167,263,"3,824",174,"5,099",536,"5,104","3,192",2006.12,"4,406"
"2,983",004990,17,898,"1,369","44,322","31,618",393,"21,892","43,259","39,013","1,004",792,552,"37,144","1,090","40,244","1,728","39,979","19,484",2006.12,"40,102"
188,005010,150,259,304,"5,616","5,642",14,"4,184","5,140","5,369",354,7,62,"4,610",166,"5,560",668,"5,787","3,749",2006.12,"4,765"
166,005090,184,152,413,"7,667","11,376",404,"7,305","8,412","5,347",222,193,89,"8,434",193,"6,297",348,"8,133","5,828",2006.12,"11,804"
284,005180,376,507,489,"5,643","3,733",488,"3,372","6,170","4,939",420,247,379,"4,215",420,"5,456",416,"5,789","3,174",2006.12,"4,747"
27,005190,31,43,10,"1,353",658,6,"2,574","1,588",979,42,118,50,661,150,"1,102",3,"1,416","1,831",2006.12,734
178,005250,"1,015",901,"1,185","16,241","27,835",753,"24,316","20,587","46,032",571,"1,128",808,"33,458",410,"14,463",363,"17,909","20,117",2006.12,"41,113"
706,005300,206,830,369,"39,585","17,961",79,"19,415","43,820","35,992",771,"1,003","1,035","29,521",634,"37,505",552,"41,000","18,156",2006.12,"37,657"
"13,112",005380,"76,495","90,563","79,829","1,334,215","1,032,058","40,434","838,475","1,653,679","1,094,800","81,049","65,092","89,935","1,023,249","19,561","1,215,378","10,926","1,472,251","707,095",2006.12,"1,180,778"
263,005440,979,808,807,"19,221","6,946",499,"8,439","19,541","16,826",865,915,914,"8,703",355,"17,976",569,"18,830","7,031",2006.12,"14,052"
86,005500,207,106,105,"2,039","1,786",70,"1,577","2,207","2,081",71,270,79,"1,876",64,"2,042",67,"2,093","1,553",2006.12,"1,912"
92,005610,334,106,64,"5,545","2,117",66,"1,977","6,129","3,606",62,376,221,"2,128",80,"5,458",73,"5,717","1,924",2006.12,"2,320"
1,005670,21,14,15,968,754,7,693,"1,114",981,6,19,13,762,2,969,8,"1,010",694,2006.12,809
58,005710,132,249,121,"3,240","1,181",75,"1,255","3,071","2,835",140,64,287,"1,542",38,"3,073",1,"3,663","1,485",2006.12,"2,140"
20,005820,53,39,35,"1,269","1,276",46,837,"1,333",961,26,51,86,"1,214",36,945,27,"1,290",763,2006.12,"1,334"
"81,937",005930,"233,944","238,453","161,465","2,140,750","1,053,007","102,299","933,751","2,421,795","1,556,313","137,341","190,601","304,748","1,182,815","79,230","1,810,716","58,902","2,304,230","813,662",2006.12,"1,342,887"
319,005990,239,205,261,"7,242","5,880",230,"5,043","8,355","6,121",47,261,230,"5,953",261,"6,277",113,"7,751","4,296",2006.12,"6,042"
241,006040,586,"1,027","1,166","12,780","7,229",963,"4,083","16,180","13,068",657,70,839,"11,090",435,"13,807",430,"14,649","3,410",2006.12,"12,360"
981,006120,140,"1,566","2,755","48,603","55,186","1,446","39,510","65,950","40,345","1,909",944,78,"24,027",962,"49,939",599,"55,548","34,526",2006.12,"36,283"
56,006140,66,95,65,"1,008",564,71,551,"1,094",926,82,63,93,635,54,962,19,991,542,2006.12,794
142,006220,139,273,190,"31,960","29,034",128,"27,851","44,646","31,682",224,194,205,"29,563",143,"32,429",221,"34,757","24,816",2006.12,"30,280"
348,006280,868,556,"1,047","11,043","5,494",805,"4,256","14,151","8,604",576,957,720,"7,130",444,"9,544",489,"13,304","3,627",2006.12,"7,413"
37,006340,14,24,29,"2,227","1,555",22,"1,485","2,145","2,164",15,35,34,"1,501",31,"2,155",4,"2,109","1,324",2006.12,"1,542"
8,006880,35,94,38,"2,333",587,26,508,"2,272","1,803",65,21,94,579,26,"1,854",15,"2,378",483,2006.12,"1,378"
26,006890,61,72,71,"1,013",592,98,565,"1,179",843,78,54,42,772,31,902,58,"1,131",471,2006.12,837
414,007070,"1,113","1,235","5,212","28,801","21,140","1,248","15,538","47,355","29,940",934,"1,662","1,190","24,207",365,"29,138",520,"29,201","15,049",2006.12,"25,956"
62,007210,214,49,224,"3,984","3,446",137,"2,406","4,295","3,393",161,303,104,"3,778",62,"3,230",44,"4,000","2,292",2006.12,"3,929"
318,007310,941,758,546,"12,062","5,966",611,"5,448","14,843","9,890",707,"1,049",922,"6,710",456,"10,999",528,"13,516","5,577",2006.12,"8,095"
100,007340,448,580,556,"7,983","4,521",392,"3,512","10,645","7,401",531,747,485,"5,764",243,"7,306",418,"9,716","3,516",2006.12,"7,227"
13,007530,21,5,14,998,354,11,342,"1,211",902,7,20,24,437,15,969,1,"1,055",322,2006.12,652
5,007540,70,84,4,"2,438","1,698",67,"1,422","2,573","2,358",36,140,73,"1,813",43,"2,341",46,"2,352","1,384",2006.12,"1,903"
91,007590,76,53,66,"1,534","1,248",96,"1,161","1,701","1,499",64,57,63,"1,338",91,"1,524",55,"1,615","1,150",2006.12,"1,364"
172,007690,209,264,271,"5,904","3,734",228,"3,069","6,813","4,670",219,563,314,"3,793",135,"4,644",294,"6,374","2,635",2006.12,"5,100"
157,007700,140,81,275,"2,778","1,754",157,"1,736","3,334","1,997",197,124,84,"1,834",130,"2,123",82,"3,227","1,523",2006.12,"1,969"
16,007820,64,56,48,770,270,26,187,857,684,62,30,50,277,28,685,23,791,189,2006.12,424
149,007860,"2,563",542,778,"19,096","5,315",596,"4,745","25,955","12,181",658,942,"1,003","6,531",129,"13,782",427,"22,666","3,994",2006.12,"7,332"
108,008020,232,242,162,"6,144","2,780",132,"2,388","5,886","5,186",260,225,173,"3,103",116,"5,885",127,"6,594","2,109",2006.12,"3,171"
28,008260,53,71,80,"1,540","1,151",11,815,"1,766","1,436",64,71,74,"1,108",36,"1,422",11,"1,692",570,2006.12,"1,189"
36,008370,39,43,48,796,445,69,431,838,771,51,59,45,663,19,795,29,807,420,2006.12,687
21,008470,38,36,32,649,391,42,369,758,583,31,50,42,409,4,615,20,699,405,2006.12,451
141,008730,91,226,201,"5,229","2,864",179,"2,952","5,152","3,890",220,140,275,"3,021",148,"4,446",126,"5,662","3,199",2006.12,"3,399"
178,008770,735,"1,014",497,"17,121","11,326",315,"7,208","21,767","13,756",560,185,108,"10,730",171,"15,422",249,"19,075","7,113",2006.12,"11,771"
60,008870,31,23,13,"2,098",933,24,951,"2,318","2,078",74,77,19,947,58,"2,155",8,"2,209",917,2006.09,945
14,009070,171,1,20,"3,041","1,874",32,"1,871","3,636","2,726",34,91,41,"1,974",146,"2,956",50,"3,336","1,796",2006.12,"2,230"
"1,056",009150,"5,089","4,520","6,667","71,853","38,374","3,186","36,550","72,695","73,289","3,924",206,"3,457","55,629","1,235","68,915",541,"77,186","33,686",2006.12,"68,360"
87,009160,143,193,201,"3,620","1,655",137,"1,259","4,228","3,109",250,164,200,"1,770",123,"3,187",255,"3,819","1,035",2006.12,"2,463"
91,009240,867,395,290,"5,062","2,865",218,"2,831","7,688","3,947",393,"1,147",614,"3,502",147,"3,768",173,"5,440","2,448",2006.12,"3,072"
177,009290,351,278,252,"4,257","2,468",232,"2,378","6,638","3,217",299,361,220,"2,639",242,"3,894",214,"4,425","2,158",2006.12,"2,917"
47,009300,81,120,218,"1,470",963,35,850,"1,529","1,379",98,72,72,"1,111",38,"1,448",42,"1,459",822,2006.12,"1,272"
110,009440,0,383,116,"4,299","2,496",153,"1,701","4,503","4,168",193,134,145,"2,766",133,"4,853",65,"4,375","1,341",2006.12,"3,487"
60,009450,94,92,77,"3,548","1,974",37,"1,800","4,021","2,244",94,168,111,"2,041",77,"2,546",77,"4,017","1,742",2006.12,"2,339"
358,009680,175,279,428,"4,561","3,156",447,"2,836","4,293","4,232",270,92,202,"3,530",255,"4,506",257,"4,294","2,487",2006.12,"3,912"
70,009770,66,169,115,"1,813","1,059",116,"1,036","1,904","1,613",169,79,132,"1,207",58,"1,677",21,"1,807",982,2006.12,"1,393"
26,009780,47,29,22,"1,139","1,055",15,"1,025","1,291","1,184",26,52,33,946,13,"1,124",11,"1,255","1,049",2006.12,"1,153"
502,009970,"1,817","1,689","1,541","16,166","8,321","1,061","6,269","26,482","12,686","2,109","1,726","1,614","8,894",692,"13,962","1,205","17,748","4,784",2006.12,"10,067"
63,010100,24,129,249,"6,118","4,858",3,"4,513","7,171","6,012",87,143,95,"7,343",73,"6,145",25,"6,567","4,066",2006.12,"5,495"
993,010120,"1,051",973,"1,132","21,013","11,855","1,687","9,719","22,517","17,694",697,706,"1,140","13,585","1,107","20,203",948,"22,944","9,597",2006.12,"16,778"
"4,284",010130,"5,049","5,680","4,867","51,210","26,797","4,184","28,822","59,079","46,062","7,137","5,140","4,528","32,160","4,295","49,405","2,897","56,424","23,262",2006.12,"38,552"
5,010470,25,48,43,"1,149",925,23,937,"1,939",988,65,28,30,993,34,"1,238",24,"1,314",953,2006.12,999
36,010660,69,121,100,"1,738","1,231",50,"1,069","1,598","1,944",157,23,87,"1,320",46,"1,753",63,"1,829","1,023",2006.12,"1,499"
75,010820,16,26,77,"1,476","1,189",11,955,"2,036","1,164",27,25,24,"1,358",9,"1,321",22,"2,000",921,2006.12,"1,386"
75,010960,36,84,128,"2,030","1,131",130,863,"2,347","1,978",58,82,52,"1,259",84,"2,073",58,"1,984",733,2006.12,"1,537"
183,011040,243,81,200,"2,004","1,229",135,"1,306","2,334","1,857",203,133,185,"1,600",163,"1,892",114,"2,277","1,232",2006.12,"1,685"
615,011210,"4,392","4,246","1,367","48,605","23,308",772,"19,026","66,831","42,528","2,409","3,269","4,250","23,438",433,"45,735",464,"59,373","18,194",2006.12,"28,118"
29,011500,78,87,122,"1,309",718,117,745,"1,405","1,201",90,85,78,938,49,"1,289",53,"1,490",655,2006.12,"1,079"
136,011560,80,71,58,"1,300",792,45,783,"1,615","1,303",80,137,56,845,96,"1,175",73,"1,697",690,2006.12,"1,197"
"1,026",011790,433,318,"1,308","35,858","26,965",94,"18,868","36,882","31,796",780,"2,456",257,"24,291",794,"34,913",106,"36,868","17,981",2006.12,"27,551"
43,012160,25,48,62,"3,100",935,61,733,"3,028","2,608",124,42,75,913,75,"2,705",128,"3,425",658,2006.12,"1,127"
53,012200,65,50,55,"1,808","1,434",47,"1,398","2,116","1,706",66,96,59,"1,478",90,"1,746",47,"2,042","1,291",2006.12,"1,553"
"6,942",012330,"33,925","35,420","25,059","344,303","104,506","15,712","84,509","377,748","225,756","30,268","30,400","33,964","142,013","7,614","300,470","10,391","391,119","78,134",2006.12,"172,509"
10,012610,101,21,98,"3,169","2,051",146,"1,457","3,267","3,196",29,37,102,"2,779",44,"2,875",172,"3,130","1,218",2006.12,"3,024"
22,012620,78,64,68,"1,589",954,27,836,"1,643","1,563",76,46,59,"1,081",56,"1,549",72,"1,672",693,2006.12,"1,293"
65,012700,390,261,187,"5,112","1,522",140,"1,401","7,794","3,598",237,408,349,"1,785",71,"4,660",72,"6,397",911,2006.12,"2,571"
833,012750,"1,186","1,092","1,148","11,508","7,816",981,"6,961","13,902","10,577","1,349","1,560",860,"8,338","1,062","10,809","1,174","14,561","6,078",2006.12,"8,725"
27,012790,102,44,39,706,550,38,486,873,607,31,88,73,582,33,626,34,799,453,2006.12,584
31,012860,325,41,37,"4,510","2,394",44,"2,120","5,831","3,801",130,213,213,"3,001",58,"4,222",27,"4,961","2,108",2006.12,"3,331"
60,013030,382,295,197,"2,758","1,293",192,"1,022","3,352","2,241",247,432,334,"1,624",143,"2,484",218,"3,055",854,2006.12,"1,797"
369,013120,590,345,47,"3,871","2,253",6,"2,254","5,460","3,257",178,902,328,"3,058",106,"4,198",39,"4,335","2,334",2006.12,"2,931"
114,013870,175,141,201,"3,780","1,686",57,"1,620","4,594","3,312",258,120,199,"2,122",125,"3,541",55,"4,308","1,542",2006.12,"2,428"
65,014280,231,107,80,"6,755","4,317",116,"3,874","6,783","4,312",2,76,185,"4,200",25,"4,991",17,"7,231","3,326",2006.12,"5,106"
97,014530,93,119,90,"1,956","1,286",95,974,"1,875","1,959",92,145,129,"1,548",32,"1,979",101,"1,886",937,2006.12,"1,617"
30,014570,22,15,33,635,514,28,490,592,667,38,18,7,560,40,659,32,622,450,2006.12,624
52,014580,46,87,139,"1,790","1,579",151,"1,503","1,825","1,651",110,28,64,"1,808",37,"1,698",76,"1,785","1,416",2006.12,"2,045"
208,014620,441,555,174,"5,329","3,088",461,"2,564","5,458","4,486",246,195,687,"3,620",519,"5,107",666,"5,534","2,083",2006.12,"3,897"
113,014680,214,361,154,"4,280","1,876",170,"1,990","5,210","3,218",187,343,203,"2,067",53,"3,587",31,"4,744","1,879",2006.12,"2,591"
235,014830,457,45,714,"8,809","6,154",352,"3,124","10,368","9,628",663,709,359,"4,852",271,"8,431",634,"8,315","2,811",2006.12,"6,226"
38,015230,181,234,134,"1,551","1,389",29,"1,091","1,953","1,488",227,158,181,"1,032",40,"1,440",44,"1,840","1,168",2006.12,"1,339"
264,015350,351,373,280,"7,926","5,029",186,"4,526","8,042","6,870",332,416,368,"5,490",254,"7,648",246,"7,527","4,111",2006.12,"5,834"
182,015360,133,304,357,"13,490","5,884",152,"5,758","12,646","12,982",220,194,140,"14,158",276,"13,766",254,"13,466","5,231",2006.12,"13,176"
3,015710,58,34,14,"1,115",835,15,521,"1,101",906,33,72,30,878,23,"1,019",7,"1,059",531,2006.12,910
269,015750,"1,305","1,609","1,512","22,634","12,438","1,189","8,816","32,291","22,386",755,309,"1,534","14,578",367,"22,596",445,"26,121","8,624",2006.12,"18,979"
88,016580,188,158,172,"1,931","1,076",144,"1,062","2,351","1,661",146,205,146,"1,189",113,"1,814",112,"2,178",985,2006.12,"1,370"
93,016710,270,330,196,"11,392","5,959",410,"5,683","11,394","9,416",391,277,283,"6,858",115,"10,578",160,"11,902","5,175",2006.12,"7,875"
294,016800,248,294,325,"3,487","3,159",320,"2,963","4,015","3,480",341,300,207,"3,394",328,"3,423",359,"3,747","2,640",2006.12,"3,275"
47,017250,33,11,13,"1,211",960,18,910,"1,219",936,14,26,12,963,24,"1,122",25,"1,222",909,2006.09,925
24,017370,121,57,54,"2,061","1,037",41,711,"2,570","1,540",81,152,37,"1,062",14,"1,547",17,"2,060",553,2006.12,"1,212"
443,017390,622,648,473,"15,329","7,454",242,"7,800","14,366","13,182",554,448,693,"8,363",398,"15,195",416,"16,267","6,906",2006.12,"8,730"
4,017510,32,39,19,675,285,21,299,714,616,23,40,51,560,19,652,17,673,283,2006.12,588
"14,496",017670,"17,993","11,157","12,972","265,765","224,737","10,556","190,489","285,814","243,660","15,821","15,159","16,095","232,063","15,623","255,956","9,723","279,412","162,400",2006.12,"226,517"
62,017890,116,75,124,"2,439","1,897",139,"1,628","2,651","2,558",99,182,55,"2,108",99,"2,409",202,"2,579","1,660",2006.12,"2,315"
144,017960,197,57,79,"2,969","1,882",232,"1,681","3,474","2,765",60,227,148,"2,020",219,"2,905",369,"3,433","1,545",2006.12,"1,935"
170,018120,163,155,137,659,969,165,984,919,"1,179",101,176,141,"1,024",194,625,175,781,831,2006.12,"1,053"
"2,209",018260,"4,343","4,072","3,276","53,001","19,603","2,758","17,210","63,317","40,639","3,329","4,698","3,260","21,074","2,358","44,654","2,361","55,460","12,729",2006.12,"36,535"
46,018310,403,50,48,"1,919","1,085",47,700,"2,426","1,265",30,333,212,"1,153",40,"1,511",10,"2,122",557,2006.12,"1,050"
11,018620,8,13,8,274,189,8,155,422,258,7,4,6,228,11,262,5,291,131,2006.12,229
901,018880,"2,904","2,451","2,192","29,539","15,580","1,661","13,405","34,594","20,477","2,336","2,434","3,121","17,026","1,084","22,362","1,037","32,400","10,973",2006.12,"18,621"
220,019170,34,143,218,"3,984","2,686",211,"2,172","4,107","3,785",249,15,55,"3,102",88,"3,797",121,"4,093","2,011",2006.12,"3,209"
98,019440,322,214,309,"4,862","2,524",36,"1,948","5,003","4,746",292,192,330,"2,427",149,"4,850",150,"5,301","1,915",2006.12,"3,171"
14,019540,279,77,67,"2,274",458,44,473,"4,161","1,421",46,86,114,572,24,"2,216",-0,"3,161",460,2006.12,834
506,019680,382,208,475,"8,423","7,572",562,"9,176","8,206","8,585",504,461,322,"8,222",463,"8,141",147,"8,422","8,495",2006.12,"8,922"
41,019770,104,82,82,"1,127",389,47,347,"1,784",814,99,2,76,429,49,952,39,"1,311",258,2006.12,534
7,019990,28,39,44,334,182,38,161,377,286,35,20,27,219,16,316,20,368,141,2006.12,245
510,020000,364,641,747,"10,024","5,581",539,"5,334","9,575","7,943",874,729,408,"6,155",466,"8,738",525,"10,482","5,067",2006.12,"6,959"
749,021240,"2,497",940,"2,109","16,679","15,676","1,587","9,393","17,754","16,247","1,671","3,431","2,451","18,038","1,161","17,551","1,260","16,216","8,851",2006.12,"20,233"
142,021820,680,707,574,"4,949","2,682",157,"1,875","6,040","3,204",421,641,799,"4,589",152,"4,294",216,"5,407","1,838",2006.06,"5,586"
38,023000,145,186,159,"2,039","1,117",99,919,"2,235","2,178",205,158,150,"1,269",54,"2,058",125,"2,112",828,2006.12,"1,494"
191,023160,88,332,15,"4,686","3,396",444,"2,287","4,798","4,225",276,159,285,"3,428",449,"4,494",831,"4,666","1,800",2006.12,"3,301"
71,023350,29,13,119,"2,078",955,96,850,"2,256","1,860",83,12,54,"1,420",79,"1,856",88,"2,256",729,2006.12,"1,392"
22,023450,23,38,28,566,408,39,384,683,623,18,35,20,470,17,547,20,676,349,2006.12,495
475,023590,849,959,"1,312","48,495","16,877",828,"16,277","68,347","42,351","1,213","2,026",541,"26,601",817,"48,485","1,062","53,385","11,555",2006.12,"33,477"
33,023810,143,92,135,"1,588",807,71,580,"1,894","1,336",113,106,173,946,40,"1,463",40,"1,640",452,2006.12,"1,099"
27,023890,516,541,562,"4,506","1,818",469,"1,325","5,429","3,336",492,546,540,"2,240",50,"3,812",623,"4,822","1,028",2006.12,"2,696"
69,023900,69,58,100,"1,225",905,87,862,"1,387","1,107",79,81,83,930,63,"1,165",94,"1,288",799,2006.12,"1,008"
10,023910,104,73,25,"1,187",559,12,544,"1,388",907,45,138,78,576,6,"1,011",7,"1,316",534,2006.12,618
24,024060,18,14,15,712,683,25,734,781,756,20,29,7,714,24,747,25,691,734,2006.12,745
67,024070,55,73,82,"1,306","1,158",100,"1,086","1,306","1,344",94,28,49,"1,278",66,"1,338",93,"1,340",999,2006.12,"1,257"
63,024090,2,113,246,"1,617","1,060",135,888,"1,632","1,681",166,45,28,"1,218",131,"1,958",105,"1,568",732,2006.12,"1,544"
"10,520",024110,"10,320","11,671","13,090","2,125,828","1,444,280","7,266","1,222,238","2,398,428","1,859,761","14,401","11,506","8,542","1,545,103","11,777","1,977,436","7,644","2,197,608","1,058,704",2006.12,"1,704,955"
49,024120,36,40,30,"1,151",844,42,717,"1,272","1,070",16,54,42,885,101,"1,045",37,"1,157",589,2006.12,932
49,024950,101,77,36,"1,000",309,38,252,"1,294",879,12,125,88,"1,225",29,946,5,"1,188",292,2006.12,"1,191"
297,025000,409,370,460,"4,717","2,623",390,"2,135","5,076","4,450",516,356,255,"2,923",307,"4,504",246,"5,121","1,908",2006.12,"3,230"
85,025530,181,203,166,"2,379","1,491",148,"1,332","2,696","2,271",235,266,194,"2,142",105,"2,298",143,"2,479","1,183",2006.12,"2,291"
158,025540,575,299,273,"5,721","2,567",132,"2,904","7,039","4,774",367,689,430,"3,189",278,"4,985",162,"6,467","2,551",2006.12,"3,476"
75,025950,19,24,60,844,644,42,600,905,805,32,36,80,666,134,839,37,832,545,2006.12,738
9,026040,90,76,70,"1,041",767,73,610,"1,308",894,45,32,85,724,15,963,4,"1,198",568,2006.12,771
25,026890,91,157,37,"1,634","1,427",47,"1,569","1,755","1,571",92,142,15,"1,474",36,"1,552",41,"1,678","1,592",2006.12,"1,499"
65,026940,31,61,101,"1,378","1,383",73,"1,221","1,202","1,443",74,1,35,"1,235",48,"1,401",93,"1,259","1,061",2006.12,"1,359"
659,026960,"1,310","1,255","1,201","11,128","6,579","1,107","5,844","12,564","9,515",998,"1,250","1,265","7,343",790,"10,270",927,"11,758","5,038",2006.12,"8,349"
154,027390,245,386,257,"3,765","2,570",174,"2,270","5,118","3,110",254,85,122,"3,098",117,"3,597",124,"4,085","2,283",2006.12,"3,133"
290,027410,"1,015",423,675,"11,599","5,358",493,"4,691","16,216","8,227",774,"1,528",700,"6,139",334,"8,876",426,"13,385","4,320",2006.12,"7,651"
44,028100,42,79,127,"2,253","1,231",115,"1,077","2,594","2,029",68,45,21,"1,765",72,"2,262",69,"2,327",930,2006.12,"1,785"
587,028150,"1,145","1,066",746,"11,793","6,540",548,"6,143","12,372","9,698","2,002",784,"1,218","7,034",538,"10,558",589,"12,956","5,990",2006.12,"7,743"
"1,072",028260,"4,551","1,406","1,689","85,539","38,025","1,497","36,575","423,614","59,080","2,960","26,857",452,"39,304","1,152","66,423","1,736","95,114","36,083",2006.12,"64,396"
139,029460,256,112,274,"3,059","1,974",94,"1,890","4,039","2,525",138,457,262,"2,039",203,"2,383",99,"3,524","1,589",2006.12,"2,431"
473,029530,171,520,744,"9,198","8,435",640,"7,677","9,293","9,809",656,94,253,"8,348",759,"9,700",571,"9,156","6,921",2006.12,"8,851"
"2,719",029780,"6,560","7,499","11,562","165,609","144,336","6,038","125,340","190,710","161,353","3,752","3,337","2,732","117,888","5,718","162,878","2,577","177,366","111,521",2006.12,"125,140"
48,029960,98,97,22,931,667,2,709,"1,306",730,61,83,90,652,40,838,23,"1,045",717,2006.12,649
757,030000,"1,020",992,"1,049","17,045","13,266",918,"11,901","18,669","18,106",957,817,"1,023","13,227",598,"19,947",867,"18,439","10,294",2006.12,"13,768"
106,030190,178,112,16,"1,477","1,317",216,"1,168","1,901","1,295",154,222,155,"1,709",129,"1,454",154,"1,678","1,049",2006.12,"1,188"
62,030520,201,125,51,"1,530","1,061",144,"1,049","2,141","1,230",135,234,191,"1,556",129,"1,386",121,"1,731","1,004",2006.12,"1,152"
106,030530,571,179,268,"5,901","1,144",124,969,"6,585","4,927",184,730,374,"1,494",147,"4,779",125,"6,589",823,2006.12,"5,303"
150,031430,193,493,381,"7,555","2,762",249,"2,252","9,142","5,349",462,210,315,"3,044",189,"6,213",187,"8,878","1,351",2006.12,"3,693"
144,031440,42,277,289,"2,867","1,655",244,"1,443","5,033","2,487",313,67,193,"1,862",174,"2,642",190,"3,825","1,283",2006.12,"2,233"
25,031510,99,93,149,"2,745","1,708",42,"1,304","2,849","2,887",106,137,100,"1,521",69,"2,846",36,"2,666","1,258",2006.12,"1,828"
110,032190,981,680,"1,306","50,775","17,741",840,"1,922","71,334","43,619","1,141","2,574",649,"28,452",117,"50,509","1,034","55,931","1,630",2006.12,"35,521"
154,032560,89,58,152,"2,537","1,379",159,"1,157","2,941","2,577",93,54,68,"1,799",144,"2,420",14,"2,507","1,271",2006.12,"2,157"
9,032750,67,35,74,727,609,10,485,784,918,4,51,36,612,8,765,7,833,454,2006.12,714
56,032960,41,63,153,635,492,189,417,599,593,71,35,45,728,77,595,73,667,320,2006.12,882
23,033100,50,8,32,474,611,47,580,664,438,10,36,41,687,45,436,52,633,444,2006.12,684
58,033160,188,68,65,"3,714","1,392",68,"1,329","10,155","2,770",77,"1,805",461,"1,893",61,"2,624",125,"4,132",985,2006.12,"2,198"
9,033180,52,35,34,950,643,24,497,"1,045",900,23,31,44,665,10,886,16,"1,010",506,2006.12,826
71,033240,225,436,40,"3,571","1,800",58,"1,789","3,993","2,369",179,208,433,"1,846",105,"2,947",87,"3,596","1,597",2006.12,"1,978"
153,033530,226,452,475,"6,976","2,755",385,"2,567","9,144","6,378",421,198,465,"3,797",125,"6,696",143,"8,588","2,341",2006.12,"4,722"
34,033540,56,6,23,935,660,15,698,"1,003",881,53,28,46,801,33,829,29,"1,101",664,2006.12,875
27,033560,285,37,93,"1,199",722,95,710,"1,859","1,078",11,310,123,697,21,"1,040",77,"1,618",561,2006.12,801
671,033660,366,29,225,"62,419","46,645",159,"36,964","70,439","51,121",623,510,191,"37,440","1,097","58,799",270,"64,030","23,548",2006.12,"40,455"
"6,460",033780,"8,138","7,251","10,308","70,750","45,722","8,501","41,341","86,734","62,764","8,169","10,322","5,593","51,719","6,464","67,960","8,894","74,187","38,571",2006.12,"57,771"
90,033830,33,43,58,"1,020",793,52,790,"1,082",996,49,36,36,851,52,998,41,"1,042",761,2006.12,954
144,033920,829,345,310,"4,413","2,140",454,"1,864","5,568","3,256",414,288,550,"2,242",156,"3,766",9,"5,342","1,706",2006.12,"2,620"
115,034230,"1,058",798,416,"12,300","7,390",346,"7,279","19,939","7,420",325,718,"1,077","7,522",227,"10,366",183,"16,019","6,916",2006.12,"7,871"
181,034310,537,448,266,"8,655","4,016",403,"2,026","12,425","4,276",338,629,637,"5,017",233,"4,961",272,"11,910","1,768",2006.12,"4,162"
91,034590,234,96,88,"3,555","2,024",74,"2,064","3,342","3,138",111,72,103,"2,254",96,"3,674",107,"3,781","1,906",2006.12,"2,405"
"1,938",034730,"1,299","3,562","26,264","50,023","707,830","15,126","583,482","966,338","46,213","4,383","55,493","1,890","761,545","2,502","51,220","18,041","53,070","15,378",2006.12,"794,930"
22,034810,45,39,42,"1,441","1,210",61,"1,192","1,502","1,366",42,38,61,"1,236",25,"1,382",33,"1,467","1,170",2006.12,"1,288"
2,035200,26,13,14,372,215,10,207,364,320,10,29,29,223,4,329,6,382,201,2006.12,253
"2,479",035250,"3,593","3,062","4,211","31,020","20,764","3,900","20,222","36,908","27,114","3,812","4,416","2,976","23,870","2,928","29,067","3,093","33,751","17,120",2006.12,"26,105"
"1,508",035420,"4,518","5,444","4,947","26,977","12,192","4,226","8,562","43,859","23,727","4,521","5,170","18,953","16,054","2,771","29,273","3,694","33,945","5,823",2006.12,"19,759"
134,035510,121,150,226,"1,948","1,747",135,"1,459","2,173","1,828",171,68,128,"1,921",144,"1,901",121,"2,089","1,208",2006.12,"1,972"
28,035600,257,228,107,"5,253","2,289",143,923,"6,112","2,128",158,34,216,"2,421",41,"2,364",115,"5,623",682,2006.12,"2,965"
133,035720,"1,498",766,"1,117","6,577","2,974",324,"2,209","31,885","5,587","1,080",788,661,"3,079",156,"6,119",449,"27,680","3,467",2006.12,"4,482"
608,035760,"1,058","1,875","1,164","30,309","16,700","1,050","15,867","29,882","19,478","1,229","1,120","1,665","18,158",365,"23,932",330,"31,537","13,537",2006.12,"15,891"
46,035810,174,226,185,"14,747","5,760",246,"4,201","15,810","10,815",70,155,108,"6,103",74,"12,305",7,"14,944","1,994",2006.12,"6,860"
36,036190,214,185,116,"1,429",581,97,478,"1,890",942,152,227,228,659,66,"1,055",92,"1,581",431,2006.12,798
102,036490,136,307,599,"5,974","3,938",506,"2,772","6,651","6,069",671,662,4,"4,651",164,"6,051",375,"5,898","2,234",2006.12,"5,311"
432,036530,670,633,946,"21,492","18,282",664,"12,332","21,693","21,248",872,"1,164",538,"20,139",540,"20,749",591,"20,394","9,589",2006.12,"19,879"
146,036560,100,131,277,"3,176","1,352",230,"1,108","3,591","2,925",172,91,92,"1,576",170,"3,312",222,"3,478",916,2006.12,"1,882"
389,036570,"2,275","1,537","1,674","14,795","5,186","1,883","5,460","22,192","11,134","1,177","1,664","1,587","8,514",459,"13,168",277,"16,988","5,065",2006.12,"10,464"
51,036640,47,35,70,815,471,29,497,886,724,53,42,24,524,31,734,13,853,539,2006.12,617
18,036670,33,19,26,542,434,32,257,556,520,15,55,23,483,27,530,42,562,223,2006.12,495
43,036800,300,105,91,"1,887",603,68,378,"2,909","1,127",115,305,193,718,48,"1,510",50,"2,461",327,2006.12,858
250,036830,364,742,339,"5,676","2,758",259,"2,356","7,317","4,753",70,806,620,"3,296",275,"5,274",191,"5,743","1,734",2006.12,"4,105"
200,037560,257,"1,044",434,"20,805","7,034",429,"7,986","20,003","11,861",770,597,770,"8,007",84,"15,560",149,"21,705","4,898",2006.12,"9,463"
212,037710,422,538,441,"6,564","2,416",365,"2,174","6,595","3,808",523,459,486,"2,817",274,"4,307",311,"6,528","1,886",2006.12,"3,311"
27,038010,51,20,11,"1,221",804,36,780,"1,447",953,23,47,46,753,13,"1,024",15,"1,390",556,2006.12,623
26,038070,27,48,26,604,321,26,314,661,438,33,18,42,359,15,566,5,607,288,2006.12,397
108,038110,57,29,51,"4,725","1,481",49,"1,528","5,795","3,250",146,48,22,"1,772",56,"4,302",41,"5,202","2,370",2006.12,"1,855"
86,039030,423,276,331,"3,519","1,318",30,"1,115","3,729","2,584",177,247,345,"1,368",70,"3,137",113,"3,796",984,2006.12,"2,411"
21,039240,72,63,94,"1,148",668,82,590,"1,463","1,221",94,82,60,801,34,"1,178",30,"1,372",516,2006.12,936
47,039340,23,44,110,732,457,113,491,958,732,60,91,8,632,82,741,18,795,445,2006.12,710
35,039830,86,49,16,"1,809","1,441",7,745,"2,011","1,680",26,62,61,"1,379",20,"1,663",9,"1,893",679,2006.12,"1,540"
56,041440,133,129,85,"2,696","1,398",95,891,"2,854","1,966",134,121,171,"1,226",97,"2,279",110,"3,113",683,2006.12,"1,542"
72,041520,410,174,88,"3,422","1,251",64,981,"3,423","2,014",211,390,367,"1,179",67,"2,394",9,"3,661",655,2006.12,"1,604"
18,041650,189,106,137,"2,677","1,355",61,"1,116","3,344","2,209",74,274,178,"1,452",55,"2,339",63,"3,013","1,010",2006.12,"1,852"
3,041830,89,56,52,537,269,56,212,825,438,56,173,62,326,20,482,61,632,191,2006.12,368
9,042520,35,25,10,334,185,21,162,521,283,9,49,34,211,11,271,20,443,160,2006.09,248
194,042700,298,244,345,"2,407","1,589",66,"1,691","2,256","2,044",165,218,112,"1,833",273,"2,310",74,"2,483","1,405",2006.12,"2,329"
52,043150,116,53,93,"2,277",958,73,706,"2,702","1,711",16,287,141,"1,084",70,"2,000",54,"2,400",566,2006.12,"1,538"
62,043370,393,373,415,"7,138","3,093",318,"2,589","8,850","5,703",439,74,474,"3,658",91,"6,405",141,"7,902","2,224",2006.12,"4,324"
273,044490,70,83,113,"6,493","7,321",320,"2,645","8,602","7,560",154,78,59,"4,954",490,"6,643",743,"7,641","1,557",2006.12,"5,135"
8,044960,10,7,8,273,174,6,189,440,202,8,10,7,189,8,214,2,417,180,2006.12,189
8,045390,49,28,33,952,694,24,652,"1,022",737,28,52,28,810,85,902,13,925,216,2006.12,773
47,046140,88,231,203,"2,031",803,104,709,"2,239","1,656",224,61,247,"1,094",44,"1,723",11,"2,206",801,2006.12,"1,404"
"1,120",047050,"1,764","2,155","1,190","82,686","34,767","1,309","27,621","80,433","89,042","2,107","1,086","1,330","46,954",973,"74,656",786,"93,409","24,738",2006.12,"56,517"
5,047400,36,42,63,"1,444","1,095",43,"1,058","1,457","1,348",63,51,54,"1,079",40,"1,432",79,"1,467","1,084",2006.12,"1,059"
23,048430,162,124,42,"1,071",581,35,444,"1,385",991,54,115,142,655,24,"1,023",17,"1,251",436,2006.12,809
32,04943